Class,Alcohol,Malic acid,Ash,Alcalinity of ash,Magnesium,Total phenols,Flavanoids,Nonflavanoid phenols,Proanthocyanins,Color intensity,Hue,OD280/OD315 of diluted wines,Proline
3,1.665292751552409,-0.6084058708306584,1.2189619406086034,1.6054001692619027,98,0.8040015729247536,-0.6916784037712645,1.2672255168374742,1.877539798119426,3.4194730479873927,-1.6563285651202309,-0.8794090367008003,660
3,-0.549525064768421,2.7515414982794346,1.0033150192218652,1.6054001692619027,96,-0.7853837556606104,-1.4012329079248962,2.04959953158061,-0.8735052304677888,-0.024801200131702693,-0.5846327232187217,-1.254620949310512,515
2,-0.745310065106174,-1.1435410914983233,-0.9375072732587756,-0.2827042601834796,88,1.9370287378568947,1.7467905964186805,-1.0016591259176204,0.5879874409691687,-0.24006834063914614,0.35845961765460665,0.24622670112833472,660
3,0.6129483747369879,-0.6171785793661939,1.0033150192218652,0.8792061579367556,89,0.4892718048880482,-0.9015466373941696,1.1889881153631607,1.172584509543952,2.881305196718784,-1.6563285651202309,-1.1295503117739414,620
1,0.11124931137149602,-0.7663146244702972,-0.9375072732587756,-1.154137073773656,98,0.17454203685134215,0.6374870758404678,-0.6887095200203657,-0.40926638189369635,-0.5844957654510556,0.9586092891194513,0.13505280109582748,1020
2,-0.9288585029228157,-0.9505415037165426,-1.512565730290077,-0.1374654579184502,92,0.11159608324400093,0.03786355120359604,0.1719018961970838,0.81150984954188,-1.0150300464659425,-0.41316138851448014,0.5936451387299196,312
2,-0.37821318947288657,-1.2224954683181428,-0.4343311233563868,-0.427943062448509,99,-0.14018773118536323,-0.062073702902549335,-0.5322347170717389,-0.2545200990356658,-1.0494727889471336,1.1729484574997533,0.7881994637868073,450
2,0.44163649944145345,-1.2575863024602847,-0.0030372805829122756,-0.7184206669785678,110,0.37911638607520076,-0.701672129181879,1.4237003197861016,-2.0426993676173555,-0.8126789343889458,0.2727239503024858,-0.9210992492129905,750
3,0.7842602500325202,2.2602698202894476,-0.03897843414736782,0.1530121466116086,92,-0.4549174992220693,-1.2013583997126056,0.7978011079915923,-1.0110574818971496,-0.2831217687406347,-0.19882222013417813,-0.75433839916423,550
1,0.22137837406148184,-0.011861690414245077,1.1111384799152335,-0.2536564997304733,101,0.8040015729247536,1.2371106004773398,-0.5322347170717389,2.066674143834797,0.2679621109584203,0.3155917839785462,0.8020962012908704,1185
2,-1.10017037821835,-0.25749752940923865,-2.3751534158370284,-0.5731818647135384,97,-0.09297826597985766,0.1677819815415848,-0.845184322968993,-0.35768428760768645,-0.7567094778570106,1.3444197922039949,0.5102647137055392,710
2,-0.6841272525006254,1.8040889764416015,1.3267854013019715,2.0411165760569907,102,-0.14018773118536323,0.12780707989912665,0.484851502094338,0.17533068668108648,-1.2819613006951724,-0.15595438645811774,0.7326125137705537,365
3,-0.4883422521628724,-0.9505415037165426,-0.9375072732587756,0.1530121466116086,103,-1.2732148961175045,-1.4212203587461252,1.2672255168374742,-0.35768428760768645,1.0945879305070032,-1.6134607314441705,-1.4491752743673993,640
1,1.041228062975822,-0.634723996437265,0.8595504049640399,-0.6603251460725562,94,0.253224478860519,0.9872674652119765,-1.1581339288662476,1.172584509543952,0.23351936847722932,1.2158162911758137,1.0800309513721384,1265
2,0.06230306128705667,-1.2926771366024268,-2.339212262272572,-1.0088982715086265,86,-0.5335999412312458,0.027869825792981282,-1.0016591259176204,-0.2545200990356658,-0.19701491253765763,1.0014771227955117,-0.15677868648950374,392
1,1.5184540012990952,-0.5908604537595874,-0.21868420196965033,-0.9217549901496087,118,1.4334611089981657,0.9972611906225908,-0.845184322968993,0.7255396923985291,0.5693361076688412,-0.0702187191059974,0.9966505263477581,970
1,0.5028193120470021,-0.5294514940108389,0.9314327120929526,-0.9798505110556203,93,0.8826840149339304,0.9372988381589036,-0.21928511117448413,-0.2717141304643359,-0.11090805633468015,-0.15595438645811774,0.8715798888111878,1195
3,0.30703431170924905,0.812772911926091,-0.290566509098563,-0.2827042601834796,98,-0.769647267258775,-1.171377223480762,1.8931247286319828,0.4504351895398082,2.351748031070473,-1.6991963987962908,-1.504762224383653,675
3,0.6251849372580972,1.0671814594566202,-0.6140368911786692,0.007773344346579222,88,-1.0529040584918101,-1.5211576128522706,1.6584125242090417,-1.251773921898531,0.27657279657871825,-0.6275005568947817,-1.0739633617576876,580
2,-0.5739981898106397,-0.5645423281529809,-1.3688011160322517,0.298250948876638,85,-0.14018773118536323,-0.08206115372377841,-0.3757599141231115,-0.22013203617832558,-0.9117018190223698,0.35845961765460665,1.3579657014534061,672
2,-0.7942563151906112,-1.2137227597826072,-1.4766245767256208,-1.357471396944697,136,-0.6122823832404223,-0.15201723159807995,-0.1410477097001709,1.9807039866914458,-0.7136560497555218,0.44419528500672745,-0.39302322405858137,750
1,0.36821712431479553,-0.6434967049728004,1.7221380905109904,-1.154137073773656,110,0.4892718048880482,0.677461977482926,-0.21928511117448413,-0.4264604133223665,-0.19701491253765763,0.5727987860349086,0.26012343863239784,880
2,-0.8432025652750506,0.4004556107559232,-0.5062134304852994,-0.427943062448509,88,0.253224478860519,0.24773178482650113,-0.9234217244433067,0.656763566683849,-1.2518239010241305,0.8300057880912701,0.9827537888436944,290
1,0.8943893127225082,-0.4504971171910194,-0.0030372805829122756,-0.8346117087905909,101,0.5050082932898832,0.8773364856952164,-0.7669469214946794,0.14094262382374628,-0.541442337349567,0.6585344533870294,1.9555254141281322,1035
3,1.1024108755813704,2.339224197109267,-0.4702722769208439,0.1530121466116086,80,-2.0600393162092687,-1.6610697686008737,0.2501392976713975,-1.5956545504719328,-0.06785462823319123,-1.6134607314441705,-1.754903499456794,415
2,-0.8432025652750506,-0.8452690012901167,-1.3688011160322517,-1.0088982715086265,85,0.4105893628788714,0.4975749200918643,-0.6104721185460524,0.2784948752531071,-0.9289231902629653,1.1729484574997533,0.20453648861614482,428
2,-0.941095065443925,-1.0382685890718975,-2.1954476480147465,-0.7765161878845793,151,-0.6909648252495985,-0.7216595800031081,-1.7840331406607561,1.5336591695460238,-0.9504499043137096,1.3872876258800553,0.6631288262502363,718
3,-0.19466475165624283,0.8741818716748397,-0.21868420196965033,0.007773344346579222,88,-1.2732148961175045,-1.3412705554612088,0.2501392976713975,-1.0970276390405003,2.2398091180066024,-1.0133110599793254,-1.1712405242861315,685
1,1.3960883760879979,-0.7838600415413682,-0.14680189484073763,-0.7765161878845793,95,-0.14018773118536323,0.4276188422175628,-0.845184322968993,-0.06538575332029463,-0.024801200131702693,0.9157414554433909,0.3157103886486515,1280
1,1.7264755641579574,-0.44172440865548396,0.3204331014971956,-1.415566917850709,96,0.3319069208696952,0.5175623709130934,-0.5322347170717389,0.639569535255179,0.08283237012201904,0.2727239503024858,1.3718624389574698,1290
1,0.3926902493570163,-0.5733150366885165,-0.7937426590009502,-0.7184206669785678,94,0.17454203685134215,0.18776943236281388,-0.7669469214946794,-0.4436544447510366,-0.4768621951973339,0.2727239503024858,0.24622670112833472,1285
3,-0.8921488153594878,1.3215900069871496,-0.5780957376142122,-0.2827042601834796,112,-1.4305797801358575,-1.2213458505338346,-0.6104721185460524,-0.8047291047531088,1.3572138419260846,-1.3133858957117477,-0.8238220866845467,855
1,0.3192708742303583,0.1899106059030712,1.8299615512043603,0.44348975114166744,118,0.8040015729247536,0.6874557028935403,0.1719018961970838,0.36446503239645767,-0.31756451122182566,0.35845961765460665,0.46857450119334926,735
1,0.8576796251591782,-0.47681524279762594,-0.0030372805829122756,-0.6603251460725562,104,0.20601501365501276,0.6874557028935403,0.40661410062002434,0.6223755038265089,-0.5242209661089716,1.1729484574997533,0.3851940761689688,990
2,-0.6229444398950768,-0.7487692073992263,-0.5780957376142122,-0.1374654579184502,162,0.3319069208696952,0.2677192356477302,-0.3757599141231115,2.8747936209822904,-1.0580834745674312,0.8728736217673305,0.05167237607144704,937
3,-0.9533316279650365,0.5759097814666327,-0.14680189484073763,-0.1374654579184502,96,-1.635154129359716,-1.511163887441656,0.2501392976713975,-1.5096843933285824,0.19046594037574077,-1.2705180620356873,-1.0600666242536243,510
2,-1.6141060041049513,-0.43295170011994866,-1.5844480374189898,-1.0088982715086265,97,-1.0686405468936455,-0.4318415430952868,-0.21928511117448413,-0.7875350733244387,-0.541442337349567,1.1729484574997533,-0.629267761627659,428
1,1.3716152510457793,-0.18731586112495466,-0.21868420196965033,-0.427943062448509,105,1.0400488989522836,1.3170604037622555,-1.1581339288662476,1.3273307924019824,0.2980995106294625,1.258684124851874,0.8020962012908704,1510
3,-0.13348193905069636,1.9619977300812408,0.4282565621905638,0.5887285534066968,86,-0.9270121512771281,-1.3512642808718236,0.7978011079915923,-1.2861619847558712,1.116114644557748,-1.7849320661484116,-1.018376411741434,625
2,0.08677618632927743,3.0059500458099637,-0.8296838125654074,0.5887285534066968,86,0.5207447816917188,0.6474808012510822,-0.5322347170717389,0.6911516295411889,-1.0580834745674312,-0.970443226303265,0.7048190387624269,380
1,1.5306905638202044,-0.5820877452240519,0.2485507943682829,-1.1250893133206503,127,0.8040015729247536,1.057223543086278,-0.6887095200203657,1.172584509543952,0.2507407397178248,0.35845961765460665,1.844351514095625,1065
3,0.6618946248214251,0.6987277009641297,1.290844247737516,1.1696837624668144,97,-1.1630594773046572,-1.4811827112098124,1.0325133124145334,-1.819176959044644,-0.30464848279137935,-0.28455788748629895,-0.7404416616601662,520
2,-0.6718906899795162,-0.7399964988636907,-0.25462535553410587,0.5887285534066968,86,0.7095826425137425,1.1471670717818085,0.1719018961970838,0.2784948752531071,-0.48116753800748285,-1.1419145610075065,0.34350386365677826,352
2,-0.9900413155283643,-0.8101781671479747,0.6079623300128447,-0.1374654579184502,104,-0.6280188716422577,-0.25195448570422535,0.6413263050429654,-0.9938634504684796,-0.9073964762122209,2.1160407983730813,-0.5041971240910886,355
1,0.08677618632927743,-0.5294514940108389,-0.9375072732587756,-0.7184206669785678,107,1.1187313409614597,0.9972611906225908,-0.6887095200203657,0.7255396923985291,-0.007579828891107202,-0.32742572116235935,1.0522374763640117,885
2,-1.4305575662883074,-0.22240669526709667,1.3627265548664287,0.5887285534066968,134,-1.0843770352954807,-1.0114776169109296,-1.7840331406607561,-0.08257978474896473,-1.10113690266892,-0.027350885429937005,-0.4625069115788987,625
1,1.090174313060259,-0.41540628304887767,1.5783734762531652,-0.021274416106427073,107,1.0400488989522836,0.9672800143907474,0.015427093248456442,0.261300843824437,-0.24006834063914614,1.258684124851874,1.1217211638843285,915
1,0.7108408749058645,-0.5820877452240519,-0.18274304840519318,-0.950802750602615,117,1.354778666988989,1.2870792275304122,-0.21928511117448413,1.258554666687302,0.46170253741511946,-0.027350885429937005,1.0939276888762017,795
2,-1.4550306913305282,-0.21363398673156136,1.5064911691242524,2.6220717851171083,92,-0.2503431499982107,0.2377380594158868,1.6584125242090417,0.261300843824437,-0.8858697621614765,0.058384781922183805,-0.21236563650575738,466
1,0.08677618632927743,-0.2838156550158454,3.0879019259603315,1.6054001692619027,124,0.5364812700935537,0.677461977482926,0.7978011079915923,0.5364053466831583,-0.6361598791728421,0.7442701207391493,0.843786413803061,830
1,-0.15795506409291496,-0.6785875391149422,0.5720211764483891,-0.48603858335452055,95,0.3004339440660246,0.36765648975387555,-0.845184322968993,-0.2545200990356658,-0.4854728808176316,0.5727987860349086,1.4413461264777865,1015
3,-0.20690131417735214,-0.05572523309192238,0.14072733367491308,1.3149225647318439,98,-1.792519013378069,-0.9115403628047841,-0.7669469214946794,-1.3377440790418815,0.27657279657871825,-1.2705180620356873,-1.7132132869446037,560
2,-0.3170303768673379,-0.49436065986869693,-0.5780957376142122,-0.19556097882446175,86,-0.14018773118536323,0.5275560963237077,-0.845184322968993,0.2784948752531071,-0.4983889092480783,0.8728736217673305,0.7604059887786805,714
2,-0.3415035019095587,1.3128172984516142,0.14072733367491308,1.024444960201785,101,0.8512110381302599,0.5475435471449368,0.484851502094338,0.5879874409691687,-1.070999502997878,1.0014771227955117,0.7465092512746168,463
2,-1.3938478787249797,-1.3014498451379621,0.7876680978351273,-0.427943062448509,94,-0.14018773118536323,0.20775688318404295,-1.1581339288662476,1.2757486981159725,-0.8643430481107323,-0.7132362242469025,0.6770255637543,520
1,1.5184540012990952,1.4180898008780403,0.5360800228839321,-1.8222355641927914,128,1.1187313409614597,1.037236092265049,-1.3146087318148747,0.81150984954188,0.018252227969785845,-0.28455788748629895,1.3023787514371523,760
2,-0.4638691271206538,-0.906677961038865,-1.6563303445479023,-0.2827042601834796,88,-1.3204243613230102,-0.6417097767181918,-0.6104721185460524,-0.4436544447510366,-1.1226636167196642,0.35845961765460665,0.24622670112833472,562
2,-1.0022778780494737,-0.6698148305794067,-0.18274304840519318,0.9663494392957734,90,-0.8011202440624456,-0.31191683816791255,0.484851502094338,-0.08257978474896473,-1.1226636167196642,1.6016267942603575,-0.4625069115788987,495
2,-1.871073817048253,0.023229143727896917,0.21260964080382577,0.1530121466116086,96,0.9613664569431066,0.7873929569996857,-0.3757599141231115,0.38165906382512776,-0.7782361919077548,-0.6703683905708421,1.1078244263802652,625
3,0.8943893127225082,2.874359417776932,0.3204331014971956,0.298250948876638,95,-0.9584851280807987,-1.3912391825142818,1.1889881153631607,-0.9422813561824693,1.1376413586084921,-1.356253729387808,-1.185137261790195,740
3,-0.15795506409291496,0.7864547863194847,0.7876680978351273,0.7339673556717262,106,-1.0056945932863046,-1.4012329079248962,1.814887327157669,-1.1142216704691703,0.22490868285693175,-0.37029355483841975,-0.6709579741398495,570
1,1.1268840006235892,-0.6084058708306584,-0.8656249661298628,-1.0088982715086265,101,1.2760962249798127,1.3870164816365576,-1.2363713303405612,0.9146740381139007,0.44878650898467276,-0.19882222013417813,1.0244440013558849,985
2,-1.6630522541893906,-0.33645190622905813,-0.290566509098563,-0.427943062448509,98,1.1502043177651302,0.25772551023711543,-1.5493209362378155,-0.4436544447510366,-0.7782361919077548,0.8728736217673305,0.5102647137055392,345
3,-0.4638691271206538,0.07586539494110991,-0.5780957376142122,-0.2827042601834796,94,-1.0529040584918101,-1.3412705554612088,2.04959953158061,-1.1486097333265106,0.8793207899995596,-0.970443226303265,-1.407485061855209,695
3,0.5762386871736579,1.163681253347511,0.8595504049640399,1.024444960201785,111,-0.9270121512771281,-1.0814336947852312,0.484851502094338,-0.2545200990356658,2.4206335160328547,-0.45602922219054054,-1.4352785368633358,695
2,-0.41492287703621444,-0.889132543967794,-1.2250365017744262,-0.7765161878845793,100,-0.4234445224183987,-0.5917411496651194,1.2672255168374742,-1.6988187390439533,0.2980995106294625,0.10125261559824421,-1.3935883243511458,450
2,0.013356811202619497,-0.6171785793661939,0.8595504049640399,3.0577881919121968,139,1.590825993016518,0.8873302111058311,-1.2363713303405612,0.6051814723978387,-0.7351827638062661,1.5158911269082365,1.2606885389249625,985
1,0.9555721253280547,-0.7399964988636907,1.2189619406086034,0.007773344346579222,132,1.0400488989522836,0.7374243299466132,1.0325133124145334,-0.4436544447510366,0.14741251227425223,1.258684124851874,0.5658516637217927,1235
2,-1.1124069407394594,-0.18731586112495466,-0.685919198307582,0.44348975114166744,85,0.4892718048880482,0.6474808012510822,0.015427093248456442,-0.4436544447510366,-0.9891979896050495,-0.41316138851448014,0.9549603138355676,378
3,-0.3415035019095587,1.0320906253144784,-0.0030372805829122756,0.5887285534066968,106,-0.9270121512771281,-0.8016093832880244,-1.5493209362378155,-1.3205500476132115,-0.024801200131702693,-0.7561040579229629,-1.8104904494730476,600
3,-0.17019162661402426,0.5145008217178845,0.8954915585284955,1.3149225647318439,101,0.04865012963665972,-1.4012329079248962,1.2672255168374742,-1.3721321418992216,-0.05924394261289368,-0.28455788748629895,-0.6153710241235959,590
2,0.8454430626380688,-0.9856323378586845,-1.5844480374189898,-0.427943062448509,94,-0.2975526152037163,-0.21197958406176717,-0.3757599141231115,-1.5096843933285824,-0.541442337349567,1.1729484574997533,-0.18457216149763056,630
3,0.23361493658259114,0.1899106059030712,0.03290387298154486,0.1530121466116086,120,-1.0056945932863046,-1.3212831046399798,1.2672255168374742,-0.2545200990356658,1.8264962082323113,-1.5277250640920497,-1.3518981118389555,840
2,-1.4917403788938561,0.2688649827228909,2.0096673190266414,0.1530121466116086,103,-0.8483297092679515,0.027869825792981282,1.814887327157669,-0.9594753876111394,-0.541442337349567,1.1729484574997533,-0.12898521148137693,607
2,-2.3850094429348543,-0.7575419159347617,-0.5780957376142122,0.5887285534066968,85,0.26896096726235397,0.1677819815415848,1.1889881153631607,0.6911516295411889,-1.3594574712778522,3.2306044739506508,0.3851940761689688,407
2,-0.6841272525006254,0.1548197717609292,-0.32650766266301856,0.7339673556717262,90,-0.9584851280807987,-0.1620109570086945,2.284311736003551,-0.3232962247503462,-1.0150300464659425,-0.41316138851448014,0.9827537888436944,315
1,0.967808687849164,-0.41540628304887767,1.1470796334796907,-0.6893729065255615,115,1.1187313409614597,0.7873929569996857,0.1719018961970838,0.12374859239507616,0.5348933651876502,0.7442701207391493,0.46857450119334926,1375
1,1.4939808762568745,-0.5382242025463745,0.3204331014971956,-1.2412803551326739,112,1.5436165278110126,1.3870164816365576,-0.21928511117448413,0.6223755038265089,0.7286337916443494,0.40132745133066705,0.357400601160842,1450
3,-0.7575466276272834,1.2777264643094723,0.0688450265460004,0.44348975114166744,88,0.017177152832989113,-1.0814336947852312,1.0325133124145334,-0.9766694190398095,1.116114644557748,-1.6991963987962908,-1.407485061855209,520
1,1.7020024391157367,-0.37154274037120016,0.5001388693194765,-0.7765161878845793,113,2.4563328551174592,1.486953735742703,-1.0016591259176204,0.9834501638285811,1.1806947867099806,-0.41316138851448014,1.1912048514046458,1480
3,0.9188624377647268,1.7426800166928536,-0.36244881622747566,0.8792061579367556,88,-1.58794466415421,-1.5311513382628852,1.1889881153631607,-0.7875350733244387,0.6726643351124142,-0.7561040579229629,-1.1712405242861315,520
1,1.1758302507080263,-0.5645423281529809,-0.32650766266301856,-0.6022296251665447,108,0.9298934801394361,1.5369223627957753,-0.3757599141231115,0.81150984954188,1.6542824958263564,0.7014022870630898,0.7048190387624269,1260
1,0.6129483747369879,-0.49436065986869693,0.17666848723937023,0.298250948876638,100,0.6466366889064012,0.9772737398013617,-0.845184322968993,0.43324115811113806,0.018252227969785845,0.35845961765460665,1.2189983264127726,920
2,-1.1980628783872267,-1.2751317195313558,-1.296918808903339,-0.1374654579184502,86,0.20601501365501276,0.25772551023711543,-0.5322347170717389,-0.3061021933216761,-1.10113690266892,1.8159659626406583,0.7326125137705537,278
2,-1.3938478787249797,0.4530918619691362,-0.4702722769208439,-0.427943062448509,112,-0.8955391744734574,-0.68168467836065,0.484851502094338,-1.1314157018978404,-1.036556760516687,0.0155169482461234,-0.10119173647325012,500
1,0.6496580623003158,-0.5031333684042324,1.0392561727863208,-0.1374654579184502,110,0.09585959484216598,0.5275560963237077,-0.6104721185460524,-0.11696784760630495,-0.36922862494361214,0.615666619710969,0.3851940761689688,1095
1,1.7142390016368483,1.0671814594566202,-0.290566509098563,-1.0088982715086265,102,1.512143551007342,1.1671545226030378,-0.7669469214946794,1.000644195257251,-0.06785462823319123,0.35845961765460665,1.177308113900582,1065
1,1.3226690009613422,-0.19608856966049037,0.8954915585284955,-0.5441341042605321,121,0.4892718048880482,0.5075686455024787,-0.4539973155974251,-0.6155947590377376,-0.0032744860809584245,0.44419528500672745,1.3718624389574698,1295
2,-1.3571381911616518,1.6988164740151754,0.10478618011045754,0.44348975114166744,82,0.8984205033357654,1.0272423668544342,-1.2363713303405612,2.2386144581214977,-0.971976618364454,-0.8847075589511442,1.4552428639818502,380
1,0.3192708742303583,1.4093170923425047,-0.25462535553410587,-0.5731818647135384,103,0.5522177584953895,0.6274933504298531,-0.3757599141231115,0.08936052953773595,-0.3003431399812302,-0.5846327232187217,0.5658516637217927,680
2,-0.8432025652750506,-0.6698148305794067,-0.5421545840497566,0.2692031884236317,103,-1.8712014553872451,-0.9814964406790859,0.015427093248456442,-0.2545200990356658,-0.8643430481107323,-0.21596935360460232,-1.0739633617576876,870
3,-0.8921488153594878,2.0584975239721306,0.6439034835773019,0.44348975114166744,89,-1.4305797801358575,-1.5311513382628852,1.2672255168374742,-1.3893261733278917,-0.5199156232988226,-0.8847075589511442,-1.8382839244811744,720
2,-1.8588372545271414,1.198772087489653,-1.9438595730635524,0.007773344346579222,107,1.4019881321944951,0.5775247233767806,-1.0016591259176204,3.390614563842394,-0.9289231902629653,-0.8847075589511442,0.30181365114458836,562
2,-1.1980628783872267,-0.7575419159347617,0.21260964080382577,0.7339673556717262,86,-1.3204243613230102,-0.7516407562349517,1.0325133124145334,0.03777843525172563,-0.6275491935525443,0.40132745133066705,0.07946585107957385,450
2,0.08677618632927743,1.3040445899160786,-0.14680189484073763,0.8792061579367556,85,-1.0056945932863046,-0.4118540922740577,1.8931247286319828,0.020584403823055906,-0.11090805633468015,-0.498897055866601,-0.8099253491804835,515
3,1.053464625496931,1.5321350118400017,0.0688450265460004,0.007773344346579222,89,-0.769647267258775,-1.171377223480762,0.876038509465906,-0.08257978474896473,1.7016412667379939,-1.6563285651202309,-1.324104636830829,480
3,0.8699161876802874,0.777682077783949,0.6439034835773019,0.1530121466116086,107,-0.7224378020532691,-1.4412078095673542,1.0325133124145334,-1.3893261733278917,0.35406896716139774,0.0155169482461234,-1.0739633617576876,680
2,-1.10017037821835,-0.9154506695744005,-0.21868420196965033,1.1987315229198208,70,-0.14018773118536323,-0.4118540922740577,0.40661410062002434,-0.39207235046502664,-1.4283429562402339,0.48706311868278784,0.857683151307124,625
1,2.2648843150867775,-0.6434967049728004,-0.685919198307582,-1.589853480568744,97,0.8040015729247536,0.9772737398013617,-0.6104721185460524,0.639569535255179,0.061305656071274764,0.5299309523588482,0.357400601160842,1045
1,2.1669918149179006,-0.5645423281529809,0.10478618011045754,-2.345095252346897,91,1.2760962249798127,1.6868282439549933,0.484851502094338,2.066674143834797,0.14741251227425223,1.258684124851874,0.19063975111208112,1150
2,-0.745310065106174,-1.2575863024602847,-3.5971526370285423,-2.5774773359709444,88,-0.4863904760257399,-1.43121408415674,-0.6887095200203657,-2.0426993676173555,-1.3379307572271077,0.40132745133066705,-1.0739633617576876,520
3,0.1601955614559332,-0.41540628304887767,1.3986677084308843,1.750638971526932,116,-0.14018773118536323,-0.7216595800031081,-0.845184322968993,-0.08257978474896473,0.8793207899995596,-1.4848572304159893,-1.754903499456794,425
3,-0.1212453765295849,0.5408189473244912,0.14072733367491308,0.1530121466116086,104,-1.5564716873505395,-0.7816219324667955,-1.0016591259176204,-1.3377440790418815,0.14741251227425223,-0.9275753926272046,-1.6298328619202236,530
1,1.041228062975822,-0.7049056647215487,0.9314327120929526,0.1530121466116086,115,1.0400488989522836,1.397010207047172,0.2501392976713975,0.19252471810975658,0.6640536494921162,0.7442701207391493,-0.0317080489529334,1130
2,0.6251849372580972,-0.6259512879017294,-0.4343311233563868,1.3149225647318439,87,-0.643755360044093,-0.1620109570086945,-0.7669469214946794,-0.9938634504684796,-0.5672743942104601,0.10125261559824421,0.26012343863239784,472
3,0.23361493658259114,2.470814825142299,-0.14680189484073763,0.7339673556717262,93,-0.8640661976697869,-1.3712517316930526,1.8931247286319828,-0.09977381617763484,1.2237482148114696,-1.5277250640920497,-1.5464524368958432,725
3,-0.5739981898106397,-0.99440504639422,-0.39838996979193125,-0.5731818647135384,85,-0.4549174992220693,-1.4212203587461252,1.814887327157669,-0.6155947590377376,0.1689392263249965,-0.8847075589511442,-1.504762224383653,650
3,0.41716337439923484,0.7601366607128784,0.0688450265460004,0.5887285534066968,92,-0.5650729180349164,-1.2413333013550638,0.6413263050429654,-0.6155947590377376,1.4476260409392105,-1.7420642324723512,-1.3518981118389555,650
3,-0.02335287636070838,0.9443635399591237,-0.03897843414736782,-0.2827042601834796,106,-1.4148432917340221,-1.301295653818751,0.2501392976713975,-1.1486097333265106,0.09574839855246575,-1.1847823946835665,-1.1712405242861315,675
2,-0.745310065106174,-1.0909048402851105,-0.7218603518720375,-0.1374654579184502,87,1.905555761053224,1.0971984447287362,-1.3928461332891884,0.4504351895398082,-0.2615950546898904,1.130080623823693,0.3851940761689688,420
1,0.931099000285836,-0.6171785793661939,-0.39838996979193125,-0.8927072296966034,118,0.4892718048880482,0.8973239365164454,-1.2363713303405612,0.020584403823055906,0.34115293873095104,-0.15595438645811774,0.843786413803061,1060
2,-0.3170303768673379,-0.54699691108191,-0.290566509098563,0.8792061579367556,84,-1.4305797801358575,-0.2419607602936108,0.876038509465906,0.03777843525172563,-0.7567094778570106,-0.32742572116235935,-0.2401591115138842,488
1,0.08677618632927743,-0.5645423281529809,-1.1531541946455135,-2.0546176478168383,92,0.6781096657100719,1.2670917767091832,-1.5493209362378155,2.2386144581214977,0.9223742181010486,0.7014022870630898,0.4407810261852224,1150
3,0.35598056179368626,1.6724983484085696,-0.36244881622747566,0.1530121466116086,120,-1.100113523697316,-1.3112893792293654,0.484851502094338,-0.4436544447510366,2.213977061145709,-1.57059289776811,-1.4352785368633358,835
1,0.9066258752436175,-0.8277235842190457,0.5001388693194765,-0.8055639483375856,108,1.748190877034871,1.666840793133764,-1.3928461332891884,0.7427337238271996,0.7501605056950937,-0.28455788748629895,0.3851940761689688,1285
1,1.3716152510457793,-0.31013378062245167,0.14072733367491308,-0.19556097882446175,103,0.7253191309155774,0.9173113873376745,-0.3757599141231115,1.3273307924019824,0.4918399370861617,0.48706311868278784,0.21843322612020794,1060
2,-1.6385791291471699,-0.27504294648030964,0.35637425506165116,0.6177763138597031,84,-0.5335999412312458,-0.31191683816791255,0.876038509465906,-0.4436544447510366,-0.971976618364454,0.18698828295036501,0.21843322612020794,680
1,-0.060062563924038435,1.2514083387028656,1.0392561727863208,-0.2536564997304733,102,0.19027852525317782,0.4076313913963337,-0.9234217244433067,0.639569535255179,-0.24006834063914614,0.3155917839785462,1.2884820139330893,770
1,0.3804536868359048,-0.3539973233001292,1.1470796334796907,-0.7765161878845793,102,1.1187313409614597,1.227116875066725,-0.4539973155974251,0.08936052953773595,0.4057330808831842,0.48706311868278784,0.34350386365677826,1270
3,1.4450346261724372,0.11972893761878721,0.4282565621905638,0.1530121466116086,91,-0.9584851280807987,-1.301295653818751,0.5630889035686517,-0.6327887904664078,1.9987099206382655,-1.4419893967399289,-1.2268274743023853,660
2,-1.1491166283027894,1.69004376547964,0.0688450265460004,0.7339673556717262,80,-0.2975526152037163,-0.25195448570422535,0.40661410062002434,-0.4436544447510366,-1.0580834745674312,-0.7132362242469025,-0.0317080489529334,580
1,0.08677618632927743,-0.634723996437265,0.6798446371417574,-0.427943062448509,98,0.253224478860519,0.4276188422175628,-0.6104721185460524,-0.288908161893006,-0.3477019108928679,0.7014022870630898,-0.11508847397731384,1105
3,-0.6474175649372975,0.5759097814666327,1.0033150192218652,2.18635537832202,97,-0.6122823832404223,-1.4212203587461252,2.04959953158061,-0.8047291047531088,1.0515345024055147,-1.227650228359627,-1.1990339992942582,880
3,0.735313999948083,0.1811378973675359,1.1830207870441463,1.4601613669968732,105,-1.1630594773046572,-1.1613834980701476,0.1719018961970838,-0.11696784760630495,1.5509542683827835,-0.9275753926272046,-1.1017568367658146,750
1,0.270324624145919,-0.5206787854753034,-0.7937426590009502,-2.403190773252909,100,0.5679542468972244,0.7574117807678419,-0.845184322968993,-0.5640126647517273,-0.29173245436093265,0.40132745133066705,1.1217211638843285,1050
1,1.0289915004547125,-0.54699691108191,0.21260964080382577,-1.589853480568744,111,2.503542320322965,1.7367968710080661,-0.3757599141231115,0.4504351895398082,0.8577940759488154,0.2298561166264254,0.9271668388274408,1190
3,0.1234858738926053,1.3391354240582205,-0.0030372805829122756,0.5887285534066968,113,-1.3833703149303516,-0.6117286004863485,-0.21928511117448413,-0.8047291047531088,1.8695496363338,-1.6563285651202309,-1.754903499456794,550
3,-0.14571850157180566,-0.8979052525033295,-0.14680189484073763,-0.427943062448509,122,-1.2260054309119985,-0.7516407562349517,-1.2363713303405612,-1.1486097333265106,-0.41228205304510107,-0.8418397252750837,-1.8104904494730476,630
3,-0.23137443921957287,0.2600922741873552,0.4282565621905638,0.7339673556717262,112,-1.2732148961175045,-0.6417097767181918,-1.0016591259176204,-0.5984007276090676,2.472297629754642,-2.042139068204774,-1.5603491743999065,480
2,-1.4183210037671983,-0.5733150366885165,-1.728212651676815,0.007773344346579222,86,0.3319069208696952,-0.36188546522098525,0.015427093248456442,-0.3232962247503462,-1.2905719863154703,-0.0702187191059974,-0.21236563650575738,415
2,-0.8432025652750506,0.6987277009641297,-0.5421545840497566,-0.427943062448509,88,0.8826840149339304,0.9872674652119765,0.6413263050429654,2.066674143834797,-1.1872437588718974,1.9874372973449002,0.3296071261527152,406
2,-1.4183210037671983,-0.7926327500769037,-1.3328599624677953,0.3853942302356559,86,-0.4863904760257399,-0.4018603668634432,-0.5322347170717389,-0.13416187903497506,-1.3379307572271077,-0.027350885429937005,1.0244440013558849,495
2,-1.6263425666260605,-0.6171785793661939,0.9314327120929526,1.8958777737919614,88,-0.5808094064367517,-0.3918666414528286,0.2501392976713975,-0.4608484761797067,-1.0580834745674312,1.7302302952885387,0.857683151307124,562
2,-1.2470091284716638,-1.1259956744272523,-0.21868420196965033,0.44348975114166744,101,1.7167179002312005,0.13780080530974143,-1.8622705421350698,0.07216649810906585,-0.7954575631483503,0.14412044927430462,0.7465092512746168,886
2,-1.7364716293160465,-0.2838156550158454,3.123843079524787,2.6220717851171083,119,1.4019881321944951,3.0759560760304128,0.7978011079915923,0.4504351895398082,0.4057330808831842,-0.11308655278205733,1.5247265515021668,465
3,1.4083249386091095,1.5145895947689303,1.3627265548664287,1.4601613669968732,96,-0.37623505721289313,-1.2413333013550638,1.5019377212604152,-0.4436544447510366,1.7834427801308221,-1.4848572304159893,-1.3796915868470823,560
1,1.3226690009613422,-0.6522694135083359,-0.290566509098563,-1.0088982715086265,126,1.1187313409614597,1.1671545226030378,-1.0016591259176204,0.8458979123992203,0.25504608252797395,0.5727987860349086,1.5525200265102936,780
2,1.0779377505391496,-0.7575419159347617,1.1111384799152335,1.6054001692619027,86,1.0400488989522836,0.8573490348739873,-1.2363713303405612,0.4504351895398082,-0.7222667353758195,1.7302302952885387,0.7881994637868073,410
2,-0.8921488153594878,-0.5645423281529809,-0.8656249661298628,-0.1374654579184502,80,-1.0056945932863046,0.027869825792981282,0.015427093248456442,0.03777843525172563,-0.7136560497555218,0.18698828295036501,0.8020962012908704,510
1,1.7142390016368483,-0.44172440865548396,0.0688450265460004,-2.1708086896288616,102,1.590825993016518,1.6368596169019207,-0.6104721185460524,2.3245846152648477,1.0515345024055147,1.044344956471572,0.5658516637217927,1547
2,-0.353740064430668,-0.7399964988636907,-0.36244881622747566,0.35634646978264956,80,-1.4305797801358575,-0.5417725226120467,1.6584125242090417,0.020584403823055906,-0.8643430481107323,0.0155169482461234,-0.7404416616601662,495
2,-0.782019752669502,0.06709268640557461,0.35637425506165116,0.44348975114166744,98,0.426325851280707,0.10781962907789759,-0.21928511117448413,-0.512430570465717,-0.971976618364454,-0.6703683905708421,1.0939276888762017,438
